warehouse_location,warehouse_id
20 Pennsylvania Parkway,1
03643 Oakridge Lane,2
73 Graedel Street,3
44801 Myrtle Center,4
6195 Monterey Center,5
5141 Anniversary Crossing,6
38583 2nd Pass,7
86 Porter Junction,8
05518 Saint Paul Street,9
14042 Dottie Avenue,10
5 Oxford Pass,11
3622 Anhalt Lane,12
3 Bashford Court,13
2 Carioca Crossing,14
01 Northfield Road,15
2004 Cody Plaza,16
94862 Beilfuss Terrace,17
10342 Division Place,18
52 Namekagon Junction,19
21343 Brentwood Circle,20
36 3rd Place,21
7015 Ramsey Lane,22
48 Vahlen Place,23
85 Farwell Parkway,24
07 Pankratz Point,25
338 Annamark Court,26
35 Golf Course Alley,27
96 Westridge Junction,28
57 Eastwood Junction,29
31 Sullivan Hill,30
49148 Meadow Ridge Way,31
38 Killdeer Point,32
01 Gateway Plaza,33
36483 Burning Wood Pass,34
3 Meadow Valley Court,35
47817 Oneill Park,36
94 Mallory Center,37
19 Shoshone Circle,38
805 Center Parkway,39
46 Delaware Place,40
2374 Chive Court,41
7561 5th Terrace,42
703 Hermina Center,43
709 Vidon Avenue,44
0313 Rockefeller Street,45
19069 Cordelia Drive,46
60356 Derek Lane,47
36687 Maple Avenue,48
13 Westport Hill,49
65 Chinook Circle,50
759 Waywood Court,51
45190 Fordem Court,52
0 Delladonna Place,53
63 Debra Park,54
157 David Center,55
4508 Shopko Trail,56
74 Menomonie Point,57
74997 Katie Terrace,58
7819 Fallview Park,59
744 Green Center,60
31 Loomis Park,61
1170 Shasta Circle,62
15068 Scoville Court,63
5743 Superior Place,64
3296 Walton Court,65
5 Toban Circle,66
8569 Bashford Court,67
31892 Pennsylvania Street,68
6382 Anniversary Pass,69
09189 2nd Drive,70
081 Jana Lane,71
72083 Acker Crossing,72
7744 Oxford Pass,73
050 Mcbride Avenue,74
1 Merchant Circle,75
97 Thierer Terrace,76
069 Basil Center,77
29 Vera Drive,78
0584 Lindbergh Alley,79
183 Algoma Trail,80
7 Rutledge Pass,81
01 Straubel Hill,82
208 Miller Court,83
203 Mariners Cove Junction,84
6810 Aberg Junction,85
805 Nancy Crossing,86
8 Fremont Circle,87
52 Victoria Plaza,88
1991 Kropf Way,89
3825 Raven Avenue,90
78884 Union Street,91
3 Anthes Place,92
4627 Amoth Circle,93
2 Miller Lane,94
591 Maple Junction,95
48 Golf View Pass,96
752 Mccormick Way,97
550 Clemons Plaza,98
04 Hagan Crossing,99
39 Lakewood Gardens Center,100
5104 Jana Court,101
68086 Crowley Circle,102
897 Independence Circle,103
0282 Emmet Hill,104
61 Waubesa Court,105
1 Lillian Plaza,106
4 Doe Crossing Avenue,107
24 South Trail,108
8626 Chinook Parkway,109
5501 Fuller Way,110
5 Colorado Park,111
3053 Sachs Center,112
49263 Graceland Pass,113
865 Eagle Crest Park,114
36124 Carberry Junction,115
6 Haas Circle,116
292 Utah Street,117
7403 Fuller Hill,118
2696 Katie Road,119
86207 Tennyson Parkway,120
57 Di Loreto Circle,121
9 Kipling Road,122
1309 Elka Junction,123
744 Lakewood Gardens Crossing,124
895 Northland Hill,125
26175 Oxford Way,126
95 Packers Lane,127
9 Clemons Hill,128
84336 Haas Place,129
63787 Arkansas Street,130
54706 Prairieview Point,131
901 Norway Maple Crossing,132
55309 6th Junction,133
6808 Chinook Parkway,134
61707 Mariners Cove Park,135
502 Sachs Circle,136
46 Colorado Place,137
00397 Bay Terrace,138
7 Bonner Terrace,139
6292 Chive Street,140
0023 Upham Road,141
0 Moose Lane,142
4 Nelson Alley,143
84 Rusk Terrace,144
662 Vernon Point,145
42719 Milwaukee Avenue,146
86 Corben Crossing,147
1 Monica Lane,148
321 Barby Parkway,149
093 Anhalt Crossing,150
43 Lakewood Junction,151
6151 Forster Drive,152
76 Fisk Park,153
58 Corscot Terrace,154
0 Larry Terrace,155
20 Butterfield Lane,156
591 Maple Wood Drive,157
336 Old Shore Lane,158
6500 Raven Drive,159
96 American Ash Center,160
12 Rigney Street,161
2718 Londonderry Plaza,162
41 Stephen Crossing,163
9269 Main Trail,164
620 Mockingbird Pass,165
37973 Parkside Junction,166
18 Comanche Junction,167
30968 Anzinger Court,168
339 Paget Place,169
2693 6th Court,170
1 Elmside Parkway,171
5325 Milwaukee Lane,172
38 Superior Road,173
96629 Nova Plaza,174
657 Texas Street,175
17 Reinke Circle,176
3 Bellgrove Way,177
00 Ridgeway Plaza,178
42 Bunker Hill Junction,179
701 Logan Court,180
6 Lillian Junction,181
72 Crownhardt Circle,182
8524 Shelley Way,183
9 Meadow Ridge Center,184
2 Hooker Terrace,185
56 Esker Park,186
236 Gateway Lane,187
2 Sunbrook Lane,188
6172 Hovde Circle,189
4 Sundown Place,190
8 Mayer Trail,191
2 Veith Crossing,192
880 Calypso Road,193
44051 Old Shore Junction,194
2446 Anhalt Way,195
5 Anderson Trail,196
70156 7th Junction,197
183 Buell Park,198
832 Goodland Alley,199
836 Brown Alley,200
10997 Dexter Parkway,201
154 Delladonna Hill,202
07855 Goodland Lane,203
993 Kensington Drive,204
779 Ridgeway Street,205
81878 Nobel Point,206
6 Charing Cross Circle,207
1519 Delaware Court,208
2 Fair Oaks Pass,209
18 Daystar Parkway,210
7 Spohn Avenue,211
39 Dahle Alley,212
27408 Burning Wood Street,213
3 Westerfield Crossing,214
5756 Stephen Avenue,215
84239 Meadow Vale Trail,216
4784 Farmco Alley,217
79 Monterey Avenue,218
587 Vermont Terrace,219
983 Sommers Circle,220
51890 Lindbergh Terrace,221
95 Kingsford Terrace,222
12710 Gulseth Circle,223
1 Westport Crossing,224
84305 Fair Oaks Plaza,225
15 Oriole Park,226
43442 Homewood Street,227
56830 Fremont Road,228
10 Golf Course Hill,229
357 Maple Park,230
7 Riverside Road,231
4353 Dixon Circle,232
89 Karstens Alley,233
898 Rowland Trail,234
92655 Pond Park,235
403 Loomis Way,236
87784 Blaine Way,237
32 Cottonwood Pass,238
890 Eggendart Pass,239
4 Duke Way,240
7 Gateway Center,241
459 Gateway Pass,242
4929 Westend Point,243
160 Crowley Center,244
62494 Longview Drive,245
8499 Hanover Terrace,246
48788 Chinook Place,247
26266 Esker Point,248
6410 Northwestern Pass,249
0782 Dapin Avenue,250
8 Thackeray Drive,251
5 Forest Run Way,252
230 Tony Court,253
545 Linden Alley,254
521 Burning Wood Trail,255
3 Buhler Place,256
23704 Algoma Park,257
62 Thackeray Center,258
5306 Arkansas Avenue,259
285 1st Park,260
379 Duke Court,261
07 Maple Wood Drive,262
7444 Saint Paul Circle,263
2 Scofield Street,264
826 Melvin Pass,265
63578 Butternut Hill,266
66330 Northridge Street,267
297 Petterle Way,268
175 Sycamore Circle,269
92321 Nelson Trail,270
87417 Forest Pass,271
00 Drewry Court,272
25784 Old Gate Crossing,273
622 Anthes Lane,274
553 Hooker Trail,275
9431 Clarendon Pass,276
88721 Dawn Crossing,277
43211 Anzinger Drive,278
0 Village Green Street,279
13 Corscot Hill,280
3104 Ridge Oak Hill,281
3 Lawn Park,282
277 Pawling Terrace,283
00616 Manitowish Parkway,284
67 Little Fleur Road,285
0 Saint Paul Center,286
7 Heffernan Drive,287
8 Dovetail Junction,288
4 4th Place,289
4 Browning Terrace,290
46 Cardinal Way,291
0039 Shelley Place,292
5862 Hooker Pass,293
0 Ohio Hill,294
86 Maryland Junction,295
0087 Bluejay Plaza,296
96 American Center,297
53 Lawn Circle,298
95261 Morningstar Way,299
8 Spaight Circle,300
72090 Northfield Place,301
90865 Sherman Court,302
85276 Lakewood Gardens Alley,303
27535 Morrow Avenue,304
42 Clemons Terrace,305
8531 Manley Court,306
0920 Monica Pass,307
88 Lighthouse Bay Crossing,308
81533 John Wall Court,309
26160 Independence Alley,310
085 Reinke Pass,311
1959 Marcy Center,312
555 Butternut Hill,313
561 Pennsylvania Way,314
0258 Shoshone Center,315
5 Transport Pass,316
3 Monument Street,317
848 Old Gate Parkway,318
64 1st Plaza,319
803 5th Alley,320
15 Loomis Avenue,321
46758 Hallows Center,322
49884 Brickson Park Plaza,323
8868 Armistice Place,324
7242 Claremont Avenue,325
29992 Warrior Center,326
9307 Kingsford Road,327
87578 Stoughton Parkway,328
21 Golden Leaf Hill,329
96 Brown Drive,330
46 Hoffman Trail,331
381 Rutledge Place,332
2 Russell Alley,333
285 East Plaza,334
59 Veith Center,335
267 International Plaza,336
812 Shelley Circle,337
40643 Sullivan Lane,338
00 Luster Alley,339
9171 Norway Maple Trail,340
292 Charing Cross Terrace,341
29817 Coleman Drive,342
18 Troy Avenue,343
8425 New Castle Parkway,344
7 Ridge Oak Pass,345
1666 Dayton Terrace,346
757 Grasskamp Drive,347
5 Forster Point,348
6 Bay Road,349
75054 Ramsey Parkway,350
42 Mandrake Alley,351
65 Forster Way,352
80930 Briar Crest Point,353
615 Mayer Drive,354
59449 Sherman Parkway,355
8682 Golf Course Junction,356
22555 Macpherson Plaza,357
71 Bultman Drive,358
32 6th Lane,359
04 Mesta Parkway,360
88678 Bayside Park,361
40 Cody Pass,362
77 Prairie Rose Park,363
20 Marcy Circle,364
56 Bonner Point,365
3 Hagan Drive,366
39102 Division Trail,367
72778 Loftsgordon Center,368
21530 Prentice Place,369
54 Weeping Birch Lane,370
2003 Delladonna Pass,371
581 Oneill Crossing,372
8182 Hazelcrest Place,373
7944 Elgar Alley,374
1615 Bellgrove Crossing,375
95 Garrison Plaza,376
227 Tennyson Plaza,377
75 High Crossing Junction,378
894 Kingsford Road,379
8 Dakota Avenue,380
31208 Westerfield Way,381
4 Warbler Center,382
05 Canary Circle,383
03 Little Fleur Pass,384
50880 Nobel Road,385
288 Fair Oaks Place,386
4 Orin Lane,387
7698 Logan Drive,388
4346 Columbus Way,389
09264 Forest Dale Drive,390
843 Pepper Wood Hill,391
60 Dottie Hill,392
844 Schurz Point,393
234 Eagle Crest Avenue,394
17640 Cottonwood Place,395
49770 Hoffman Court,396
03 Ryan Circle,397
98 Melody Street,398
57150 Del Sol Alley,399
4 6th Plaza,400
2835 Schlimgen Parkway,401
61 Transport Parkway,402
9171 Redwing Street,403
5 Waxwing Junction,404
6 Stang Hill,405
3 Del Mar Point,406
5 Loftsgordon Trail,407
75 Bunting Junction,408
42 Mallory Court,409
6 Orin Place,410
80 Old Shore Plaza,411
44249 Sutteridge Crossing,412
08545 Lillian Street,413
1 Green Hill,414
453 Dryden Park,415
44296 Kropf Avenue,416
00064 Mosinee Circle,417
1223 Monument Drive,418
879 Amoth Terrace,419
931 Browning Center,420
564 Hazelcrest Crossing,421
65721 Caliangt Crossing,422
89 Springs Alley,423
1792 Crownhardt Street,424
0847 Artisan Hill,425
24045 Bluestem Point,426
9305 Warrior Way,427
13 Bluejay Way,428
710 Service Park,429
71796 Waubesa Terrace,430
545 Farwell Lane,431
9 Burrows Junction,432
5 Eggendart Parkway,433
16 Autumn Leaf Way,434
6 Tony Junction,435
19112 Little Fleur Road,436
38 Dawn Street,437
579 Schlimgen Alley,438
9 Anhalt Trail,439
85 Lunder Court,440
51369 Dawn Hill,441
9050 Dorton Pass,442
856 School Plaza,443
82 Drewry Junction,444
9067 Valley Edge Park,445
185 Stone Corner Parkway,446
205 Straubel Court,447
2 7th Center,448
443 Browning Terrace,449
97 Utah Lane,450
25 Drewry Alley,451
77 Monument Court,452
61932 Cascade Crossing,453
4 Judy Hill,454
58 La Follette Park,455
52105 Mandrake Place,456
83 Pleasure Street,457
77 Monterey Avenue,458
0 Thackeray Point,459
06 Shopko Pass,460
7020 Porter Trail,461
160 Kings Street,462
80729 Homewood Plaza,463
583 Loftsgordon Road,464
5521 Wayridge Center,465
685 Independence Junction,466
854 Kipling Point,467
23560 Talmadge Center,468
7193 Crownhardt Drive,469
76928 Tennyson Parkway,470
265 Columbus Way,471
85953 Clyde Gallagher Drive,472
33145 Butterfield Avenue,473
64389 Arkansas Alley,474
6738 Tennyson Road,475
8 Hazelcrest Street,476
27 School Court,477
9951 Petterle Alley,478
38 Banding Lane,479
06 Lake View Trail,480
84642 Clarendon Point,481
11 Golden Leaf Alley,482
6 Bobwhite Alley,483
7 Talmadge Street,484
374 Blue Bill Park Point,485
185 Saint Paul Road,486
1509 Hoard Circle,487
30408 5th Way,488
0500 Calypso Pass,489
978 Shasta Lane,490
524 Saint Paul Park,491
9 Meadow Vale Drive,492
467 Dexter Pass,493
16 Fair Oaks Pass,494
8119 Homewood Drive,495
4571 Fremont Way,496
357 High Crossing Parkway,497
03 Roth Court,498
7182 Summit Court,499
481 Mifflin Hill,500
697 Hoepker Center,501
5551 Mallory Lane,502
20 Nelson Way,503
988 Southridge Way,504
52691 8th Drive,505
04 Blaine Lane,506
55095 Northview Drive,507
509 Carpenter Trail,508
298 Corry Plaza,509
9 Karstens Center,510
1661 Springview Terrace,511
8239 Laurel Way,512
5 Ohio Lane,513
55782 Welch Hill,514
54 Pawling Crossing,515
8 Oriole Terrace,516
40 Merchant Terrace,517
4 Dakota Avenue,518
1005 Lyons Junction,519
43024 Elka Avenue,520
5 Armistice Parkway,521
3831 Goodland Road,522
92486 Laurel Alley,523
9 Victoria Point,524
6748 Mitchell Road,525
81 Oneill Circle,526
537 Maple Alley,527
82737 Ryan Place,528
7 Hallows Alley,529
60 Main Pass,530
652 High Crossing Lane,531
03416 Valley Edge Circle,532
05686 Golden Leaf Point,533
11 Kedzie Avenue,534
1 Pleasure Hill,535
08896 Evergreen Avenue,536
309 Burning Wood Center,537
113 Donald Court,538
611 Waubesa Circle,539
44 Thompson Terrace,540
425 Shasta Terrace,541
21633 Sycamore Center,542
797 Mcbride Lane,543
083 Mccormick Park,544
38436 Anthes Way,545
1 Mockingbird Parkway,546
3 Bayside Point,547
13 Forest Run Place,548
553 Mayfield Crossing,549
55276 Golf Hill,550
924 La Follette Alley,551
35598 Fuller Terrace,552
163 Esch Pass,553
77 Brown Circle,554
8 Merrick Lane,555
9 Cardinal Alley,556
93 Longview Junction,557
04776 Saint Paul Park,558
7945 Mayer Center,559
9433 Jenna Lane,560
2 Grayhawk Junction,561
6744 Helena Pass,562
803 Cottonwood Crossing,563
269 Dakota Trail,564
7 Harper Drive,565
49869 Bunker Hill Terrace,566
7407 Farragut Pass,567
7 Schiller Court,568
11263 Kipling Hill,569
70001 Vahlen Lane,570
82 Hintze Court,571
6982 Crownhardt Circle,572
2 Butterfield Pass,573
14 Talmadge Park,574
44662 American Plaza,575
7051 Calypso Place,576
4033 Sloan Hill,577
734 Thackeray Avenue,578
31057 Roth Place,579
9559 Muir Trail,580
811 Dapin Center,581
1 Hollow Ridge Park,582
8583 Northwestern Terrace,583
42 Green Ridge Terrace,584
57453 Northwestern Alley,585
760 Butternut Plaza,586
7943 Amoth Parkway,587
53 Forest Run Plaza,588
509 Waywood Center,589
1 Jackson Pass,590
68 Dakota Center,591
642 Arizona Point,592
87 Bluestem Parkway,593
4826 Drewry Center,594
7 Mockingbird Hill,595
0 Ruskin Way,596
01 Hansons Crossing,597
4 Loomis Way,598
5989 Longview Drive,599
6435 Burning Wood Drive,600
91 Gateway Pass,601
78919 East Crossing,602
952 Rowland Junction,603
28351 Cascade Plaza,604
884 Sloan Drive,605
22 Hudson Pass,606
463 Oxford Crossing,607
149 Valley Edge Point,608
21 Sunbrook Court,609
1 Logan Road,610
7 Prairieview Place,611
74 Sugar Plaza,612
554 Eliot Point,613
2582 Autumn Leaf Park,614
848 Mariners Cove Junction,615
498 Delladonna Drive,616
76106 Anthes Junction,617
03 Fisk Alley,618
546 Declaration Place,619
082 Clove Plaza,620
850 Glacier Hill Drive,621
5 Linden Terrace,622
29815 Bonner Trail,623
46 Orin Drive,624
7369 Thackeray Drive,625
80380 Valley Edge Road,626
917 Westerfield Terrace,627
7 Sloan Park,628
3616 Carey Pass,629
32468 Utah Pass,630
7 Roxbury Circle,631
195 Portage Junction,632
406 Westridge Alley,633
22782 Oriole Way,634
64407 Marcy Plaza,635
32 Rigney Terrace,636
2 Canary Street,637
34832 Autumn Leaf Terrace,638
34642 Carpenter Place,639
41 Comanche Park,640
49225 Homewood Place,641
34 Linden Court,642
4374 Corry Terrace,643
9440 Coleman Drive,644
3 John Wall Point,645
5818 Twin Pines Place,646
21625 Schlimgen Park,647
5 Prentice Pass,648
75 Cascade Avenue,649
50687 Porter Park,650
3 Oakridge Parkway,651
4 Raven Drive,652
12 Truax Court,653
18 Warrior Circle,654
2 Sachtjen Park,655
094 Carberry Lane,656
79 Ronald Regan Avenue,657
87 Corben Street,658
911 Ridgeway Way,659
44022 Barnett Way,660
52 Alpine Crossing,661
538 Bayside Parkway,662
6 Rusk Pass,663
5 Lyons Street,664
9821 Novick Hill,665
49646 Derek Lane,666
149 Lawn Way,667
16730 Luster Alley,668
2 Northview Avenue,669
2 Columbus Drive,670
2 Northridge Street,671
451 Grim Hill,672
5 Fisk Point,673
10577 Thierer Plaza,674
2005 Mccormick Road,675
739 Grayhawk Trail,676
38695 Kenwood Circle,677
76 Shelley Pass,678
3 Ilene Terrace,679
667 Arkansas Circle,680
60094 Goodland Junction,681
93321 Kennedy Point,682
39 Oxford Drive,683
6 Hanover Terrace,684
4 Hagan Court,685
3 Forster Point,686
8 Hanover Center,687
29755 Daystar Street,688
9 Cordelia Trail,689
9469 Bayside Plaza,690
07359 Porter Park,691
0 Stoughton Terrace,692
402 Kings Road,693
97 Walton Avenue,694
9262 Sullivan Crossing,695
70862 Lighthouse Bay Junction,696
27 New Castle Avenue,697
38 Rutledge Plaza,698
95 Lerdahl Park,699
85408 Toban Crossing,700
55 Morning Terrace,701
9327 Hanover Way,702
40113 Blaine Place,703
68241 Hanson Circle,704
84575 Randy Point,705
7 Duke Parkway,706
29150 Farmco Crossing,707
6251 Eliot Hill,708
588 Waywood Trail,709
01471 Burrows Lane,710
21 Esker Way,711
08492 Gateway Terrace,712
79878 Katie Trail,713
109 Twin Pines Avenue,714
88 Hooker Parkway,715
8 Russell Pass,716
83894 Delaware Plaza,717
6 Lunder Parkway,718
6 Messerschmidt Place,719
43 Heath Street,720
3 Fairfield Center,721
4 Stang Place,722
4029 Lotheville Pass,723
126 Spohn Plaza,724
66 Raven Pass,725
69 Orin Plaza,726
108 Morning Center,727
98 Bartillon Trail,728
51 7th Court,729
81503 Graedel Plaza,730
156 Golf Course Alley,731
389 Ridgeway Park,732
018 Oxford Crossing,733
34 Fremont Point,734
51205 Rieder Junction,735
7232 Ridgeway Center,736
09 Londonderry Hill,737
76 Toban Plaza,738
7096 Mcguire Park,739
99 Duke Lane,740
005 Tomscot Hill,741
00847 Reindahl Place,742
329 Helena Park,743
041 Paget Alley,744
38726 Gina Pass,745
1823 Elgar Park,746
1 Lake View Trail,747
77563 Russell Lane,748
19180 Hagan Parkway,749
9 Holmberg Circle,750
0 Lerdahl Parkway,751
6 Nobel Junction,752
6 Anthes Court,753
82955 Dayton Street,754
4 Heffernan Lane,755
35 Waxwing Center,756
7 West Street,757
676 Redwing Trail,758
95 Onsgard Way,759
01330 Sheridan Way,760
0 Miller Pass,761
53 Caliangt Junction,762
4 Bashford Court,763
04 Rockefeller Terrace,764
6 Anniversary Circle,765
84148 Prairie Rose Center,766
851 Hollow Ridge Center,767
736 Redwing Parkway,768
911 Merry Junction,769
482 Green Center,770
9738 Old Shore Trail,771
959 Dorton Pass,772
43211 Lakeland Place,773
66879 Susan Place,774
582 Sauthoff Crossing,775
97687 Mendota Terrace,776
36 Bobwhite Parkway,777
0 Sutteridge Trail,778
17780 Lindbergh Junction,779
13 Loomis Alley,780
19 Aberg Trail,781
938 Hanover Point,782
2 Kingsford Center,783
42397 Knutson Place,784
611 Fieldstone Drive,785
25923 Loeprich Junction,786
7834 Cordelia Alley,787
929 Thierer Lane,788
973 Spaight Place,789
883 Marcy Place,790
6211 Hanson Terrace,791
0 Oak Valley Lane,792
84 Hoffman Way,793
315 Acker Alley,794
7 Anzinger Lane,795
61057 Hallows Junction,796
8851 Superior Park,797
00 6th Parkway,798
9848 Little Fleur Point,799
12 Luster Terrace,800
6 John Wall Plaza,801
3 Dottie Junction,802
7 Victoria Hill,803
3 Logan Trail,804
30590 Bowman Alley,805
0 Lawn Parkway,806
7 Lunder Hill,807
4 Darwin Circle,808
042 Di Loreto Court,809
0743 4th Place,810
32 Charing Cross Pass,811
11 Thackeray Hill,812
6225 Westend Pass,813
97 Sunnyside Court,814
63464 Jana Court,815
6 Susan Alley,816
1715 Dottie Pass,817
91 Kinsman Terrace,818
867 Merrick Place,819
339 Crescent Oaks Plaza,820
1 Judy Street,821
996 Thierer Center,822
06584 Mendota Avenue,823
3 Raven Court,824
84 Washington Crossing,825
428 Oriole Avenue,826
3 Melrose Trail,827
290 Rusk Avenue,828
0 Oxford Crossing,829
99 Fair Oaks Circle,830
461 Bluejay Circle,831
21844 Artisan Trail,832
081 Bellgrove Place,833
6891 Mandrake Park,834
73966 Pond Trail,835
5 Warner Court,836
9623 Cottonwood Park,837
5 Mesta Center,838
81071 West Alley,839
38 Esch Pass,840
8 Dawn Court,841
2869 Hudson Drive,842
83291 Hansons Crossing,843
4 Esch Point,844
492 Shoshone Road,845
26 Graceland Circle,846
9 Eastlawn Crossing,847
22 Dexter Trail,848
5030 Moose Junction,849
206 Pine View Junction,850
868 Swallow Point,851
65 Merry Circle,852
26 Barnett Junction,853
36 Longview Street,854
1034 2nd Point,855
111 David Hill,856
25 Nancy Place,857
33424 Express Avenue,858
67677 Lakewood Gardens Way,859
884 Fieldstone Plaza,860
4105 Fair Oaks Parkway,861
665 Sommers Circle,862
622 Buena Vista Trail,863
083 Gulseth Pass,864
022 Prairie Rose Drive,865
0 Oneill Hill,866
992 East Point,867
21629 Burrows Pass,868
5414 Linden Point,869
60 Messerschmidt Pass,870
92 Bartelt Terrace,871
071 Nobel Circle,872
30880 Barnett Junction,873
116 Spaight Park,874
317 Anniversary Pass,875
5 Killdeer Trail,876
05 Bartelt Street,877
55 Cherokee Circle,878
387 Jay Point,879
9695 Alpine Trail,880
1468 Meadow Vale Court,881
022 Pierstorff Point,882
33 Clarendon Hill,883
2 School Drive,884
120 Gale Circle,885
582 Dahle Center,886
39014 Randy Court,887
4247 David Crossing,888
6482 Ramsey Alley,889
153 Caliangt Plaza,890
99 Twin Pines Alley,891
6 Swallow Crossing,892
53894 Myrtle Place,893
1275 Lawn Center,894
504 Green Park,895
9 Bartillon Trail,896
5900 Vahlen Avenue,897
6990 Kings Place,898
4 Old Shore Avenue,899
012 Mockingbird Court,900
739 Rowland Way,901
772 Golf Course Junction,902
231 Merry Pass,903
7 Hooker Way,904
48 Del Sol Trail,905
76 Independence Drive,906
08 Randy Junction,907
94451 Arkansas Park,908
322 Birchwood Center,909
5 Homewood Street,910
3 Hooker Way,911
8 Surrey Pass,912
2 Petterle Road,913
57598 Russell Center,914
73397 Steensland Circle,915
8 Autumn Leaf Drive,916
9463 Northland Court,917
41 Nelson Center,918
2633 Shasta Alley,919
904 Del Mar Crossing,920
33774 Carberry Circle,921
2 Barby Lane,922
44638 Corscot Lane,923
4 Jay Terrace,924
49476 Tony Hill,925
3645 Ridge Oak Drive,926
20073 Northfield Way,927
955 4th Road,928
226 Calypso Road,929
3 Hermina Circle,930
561 Blue Bill Park Road,931
05944 Scott Parkway,932
6 Acker Street,933
739 Swallow Road,934
2 Basil Street,935
60241 Portage Point,936
5426 Fordem Pass,937
15 Veith Circle,938
1 Hudson Hill,939
15658 Talisman Lane,940
35 Portage Road,941
308 Doe Crossing Pass,942
127 Eliot Road,943
3 Bunting Point,944
6 Harbort Hill,945
376 Reinke Court,946
3 Ronald Regan Center,947
43107 Schlimgen Circle,948
28 Boyd Pass,949
62238 Mallory Place,950
9516 Burrows Circle,951
1008 Welch Street,952
1700 Briar Crest Parkway,953
53 Homewood Alley,954
43591 East Road,955
79 Cardinal Court,956
26240 Maple Wood Place,957
78 Forest Dale Road,958
25696 Westerfield Alley,959
56 Petterle Circle,960
1247 Hoard Hill,961
700 Northland Crossing,962
8 Heffernan Point,963
39 Dovetail Terrace,964
5649 Vidon Plaza,965
289 Longview Point,966
46989 Crescent Oaks Junction,967
13799 Quincy Park,968
05433 Towne Terrace,969
44 Kensington Road,970
668 Claremont Place,971
674 Ryan Alley,972
00029 Fisk Point,973
61224 Northridge Avenue,974
24385 Prentice Plaza,975
052 Northland Trail,976
0109 Stang Terrace,977
8 Kensington Place,978
16 Elgar Point,979
239 Anderson Court,980
1 Havey Park,981
938 Garrison Court,982
21379 Stoughton Junction,983
60 Towne Hill,984
96420 Briar Crest Lane,985
0 Fordem Place,986
365 Vera Terrace,987
43 Washington Street,988
37 Browning Trail,989
32525 Marquette Park,990
